,kind,etag,id,snippet
0,youtube#searchResult,"""Fznwjl6JEQdo1MGvHOGaz_YanRU/1HWlxTklwKm_NfCWbvwf_rY94zg""","{'kind': 'youtube#channel', 'channelId': 'UC0DZmkupLYwc0yDsfocLh0A'}","{'publishedAt': '2014-05-27T13:19:08.000Z', 'channelId': 'UC0DZmkupLYwc0yDsfocLh0A', 'title': 'Jelly', 'description': ""Hi there, welcome to my channel! My name is Jelly and I'm a child friendly Youtuber! Make sure to SUBSCRIBE for daily videos on various games! And ofcourse ..."", 'thumbnails': {'default': {'url': 'https://yt3.ggpht.com/-I2cnzAVD7Ro/AAAAAAAAAAI/AAAAAAAAAAA/CTbq7jX4Gvs/s88-c-k-no-mo-rj-c0xffffff/photo.jpg'}, 'medium': {'url': 'https://yt3.ggpht.com/-I2cnzAVD7Ro/AAAAAAAAAAI/AAAAAAAAAAA/CTbq7jX4Gvs/s240-c-k-no-mo-rj-c0xffffff/photo.jpg'}, 'high': {'url': 'https://yt3.ggpht.com/-I2cnzAVD7Ro/AAAAAAAAAAI/AAAAAAAAAAA/CTbq7jX4Gvs/s800-c-k-no-mo-rj-c0xffffff/photo.jpg'}}, 'channelTitle': 'Jelly', 'liveBroadcastContent': 'none'}"
1,youtube#searchResult,"""Fznwjl6JEQdo1MGvHOGaz_YanRU/kGiai1etiqp7bWy2gtCGkiE-EjQ""","{'kind': 'youtube#channel', 'channelId': 'UCWcmANH_KCk_eE6_sW8ZVmA'}","{'publishedAt': '2017-02-12T09:48:56.000Z', 'channelId': 'UCWcmANH_KCk_eE6_sW8ZVmA', 'title': 'Jelly Game', 'description': 'Faceook: www.facebook.com/JellyYoutuber Instagram: www.instagram.com/jelly Twitter: www.twitter.com/JeIIy E-mail: marcowolfgang422@gmail.com.', 'thumbnails': {'default': {'url': 'https://yt3.ggpht.com/-7AObZjSXk0E/AAAAAAAAAAI/AAAAAAAAAAA/0xAM8BKc64I/s88-c-k-no-mo-rj-c0xffffff/photo.jpg'}, 'medium': {'url': 'https://yt3.ggpht.com/-7AObZjSXk0E/AAAAAAAAAAI/AAAAAAAAAAA/0xAM8BKc64I/s240-c-k-no-mo-rj-c0xffffff/photo.jpg'}, 'high': {'url': 'https://yt3.ggpht.com/-7AObZjSXk0E/AAAAAAAAAAI/AAAAAAAAAAA/0xAM8BKc64I/s800-c-k-no-mo-rj-c0xffffff/photo.jpg'}}, 'channelTitle': 'Jelly Game', 'liveBroadcastContent': 'none'}"
2,youtube#searchResult,"""Fznwjl6JEQdo1MGvHOGaz_YanRU/oCER3yJIoQFRb1Uogg-aNl5m4Ps""","{'kind': 'youtube#channel', 'channelId': 'UCNhijZMwFsUgUeeOwL6f57Q'}","{'publishedAt': '2017-06-12T10:05:01.000Z', 'channelId': 'UCNhijZMwFsUgUeeOwL6f57Q', 'title': 'JELLY', 'description': 'JELLY | Content Creator from Malaysia.', 'thumbnails': {'default': {'url': 'https://yt3.ggpht.com/-AWn73pEYM3k/AAAAAAAAAAI/AAAAAAAAAAA/N0jR_XJ6Tt0/s88-c-k-no-mo-rj-c0xffffff/photo.jpg'}, 'medium': {'url': 'https://yt3.ggpht.com/-AWn73pEYM3k/AAAAAAAAAAI/AAAAAAAAAAA/N0jR_XJ6Tt0/s240-c-k-no-mo-rj-c0xffffff/photo.jpg'}, 'high': {'url': 'https://yt3.ggpht.com/-AWn73pEYM3k/AAAAAAAAAAI/AAAAAAAAAAA/N0jR_XJ6Tt0/s800-c-k-no-mo-rj-c0xffffff/photo.jpg'}}, 'channelTitle': 'JELLY', 'liveBroadcastContent': 'none'}"
3,youtube#searchResult,"""Fznwjl6JEQdo1MGvHOGaz_YanRU/hK8uoHB3wl3ny96IoP_hBkrQ5K4""","{'kind': 'youtube#channel', 'channelId': 'UCvO6j5iAE4NjPuiGtY-sDBw'}","{'publishedAt': '2015-12-24T22:19:17.000Z', 'channelId': 'UCvO6j5iAE4NjPuiGtY-sDBw', 'title': 'Jelly', 'description': 'I am a Jelly fan and I am coping his channel but btw I am A FAN enjoy my videos Subscribe now.', 'thumbnails': {'default': {'url': 'https://yt3.ggpht.com/-ubMnm_2YRt8/AAAAAAAAAAI/AAAAAAAAAAA/8c_UpW8fjAs/s88-c-k-no-mo-rj-c0xffffff/photo.jpg'}, 'medium': {'url': 'https://yt3.ggpht.com/-ubMnm_2YRt8/AAAAAAAAAAI/AAAAAAAAAAA/8c_UpW8fjAs/s240-c-k-no-mo-rj-c0xffffff/photo.jpg'}, 'high': {'url': 'https://yt3.ggpht.com/-ubMnm_2YRt8/AAAAAAAAAAI/AAAAAAAAAAA/8c_UpW8fjAs/s800-c-k-no-mo-rj-c0xffffff/photo.jpg'}}, 'channelTitle': 'Jelly', 'liveBroadcastContent': 'none'}"
4,youtube#searchResult,"""Fznwjl6JEQdo1MGvHOGaz_YanRU/oKT637Sm5Lq71GaHaBk02mA01-A""","{'kind': 'youtube#channel', 'channelId': 'UCOx4MRUGWYXpXmPEA8k_5dg'}","{'publishedAt': '2013-12-05T02:42:01.000Z', 'channelId': 'UCOx4MRUGWYXpXmPEA8k_5dg', 'title': 'JellyandDay2', 'description': 'Instagram: @daylynnacacia @jellyperez91 Snapchat: @jellyandday Twitter: @whatdayisitlol @jellyperez91.', 'thumbnails': {'default': {'url': 'https://yt3.ggpht.com/-N3mMspFnsek/AAAAAAAAAAI/AAAAAAAAAAA/tgiwUbd55Ik/s88-c-k-no-mo-rj-c0xffffff/photo.jpg'}, 'medium': {'url': 'https://yt3.ggpht.com/-N3mMspFnsek/AAAAAAAAAAI/AAAAAAAAAAA/tgiwUbd55Ik/s240-c-k-no-mo-rj-c0xffffff/photo.jpg'}, 'high': {'url': 'https://yt3.ggpht.com/-N3mMspFnsek/AAAAAAAAAAI/AAAAAAAAAAA/tgiwUbd55Ik/s800-c-k-no-mo-rj-c0xffffff/photo.jpg'}}, 'channelTitle': 'JellyandDay2', 'liveBroadcastContent': 'upcoming'}"
5,youtube#searchResult,"""Fznwjl6JEQdo1MGvHOGaz_YanRU/JgWR-l6ibNJ2L8PbOpTqtSP-Ogw""","{'kind': 'youtube#channel', 'channelId': 'UCP3Cs8Go9IihKHftCDW3qSQ'}","{'publishedAt': '2011-11-12T17:31:58.000Z', 'channelId': 'UCP3Cs8Go9IihKHftCDW3qSQ', 'title': 'peach jelly', 'description': ""don't repost my videos please."", 'thumbnails': {'default': {'url': 'https://yt3.ggpht.com/-E4VJjtojI5U/AAAAAAAAAAI/AAAAAAAAAAA/WtqJFmTPaAM/s88-c-k-no-mo-rj-c0xffffff/photo.jpg'}, 'medium': {'url': 'https://yt3.ggpht.com/-E4VJjtojI5U/AAAAAAAAAAI/AAAAAAAAAAA/WtqJFmTPaAM/s240-c-k-no-mo-rj-c0xffffff/photo.jpg'}, 'high': {'url': 'https://yt3.ggpht.com/-E4VJjtojI5U/AAAAAAAAAAI/AAAAAAAAAAA/WtqJFmTPaAM/s800-c-k-no-mo-rj-c0xffffff/photo.jpg'}}, 'channelTitle': 'peach jelly', 'liveBroadcastContent': 'none'}"
6,youtube#searchResult,"""Fznwjl6JEQdo1MGvHOGaz_YanRU/wwSPzC9vacDSl-FFGWyXLaYXXFU""","{'kind': 'youtube#channel', 'channelId': 'UCzTQ0ICkyNsI9pkl5yI6weg'}","{'publishedAt': '2013-10-23T02:22:23.000Z', 'channelId': 'UCzTQ0ICkyNsI9pkl5yI6weg', 'title': 'Action Jelly [Lenon]', 'description': 'Toda semana, Lenon e Lari surgem das profundezas para nos contar uma de suas aventuras do jeito mais incr√≠vel e levemente confuso que eles conseguirem.', 'thumbnails': {'default': {'url': 'https://yt3.ggpht.com/-rtUiIAbuix8/AAAAAAAAAAI/AAAAAAAAAAA/0Shid385toE/s88-c-k-no-mo-rj-c0xffffff/photo.jpg'}, 'medium': {'url': 'https://yt3.ggpht.com/-rtUiIAbuix8/AAAAAAAAAAI/AAAAAAAAAAA/0Shid385toE/s240-c-k-no-mo-rj-c0xffffff/photo.jpg'}, 'high': {'url': 'https://yt3.ggpht.com/-rtUiIAbuix8/AAAAAAAAAAI/AAAAAAAAAAA/0Shid385toE/s800-c-k-no-mo-rj-c0xffffff/photo.jpg'}}, 'channelTitle': 'Action Jelly [Lenon]', 'liveBroadcastContent': 'upcoming'}"
7,youtube#searchResult,"""Fznwjl6JEQdo1MGvHOGaz_YanRU/8dDETF5dRdOl5kiO-vYScWiB_dI""","{'kind': 'youtube#channel', 'channelId': 'UCmhf8uhGeGN979Xxax6xoPQ'}","{'publishedAt': '2016-04-04T00:05:26.000Z', 'channelId': 'UCmhf8uhGeGN979Xxax6xoPQ', 'title': 'Jelly Slogoman Kwebbelkop Collection', 'description': 'Every thing posted is credited to the YouTubers Jelly, Slogoman, and Kwebbelkop. Here are the links to their channels: https://www.youtube.com/user/JellyYT ...', 'thumbnails': {'default': {'url': 'https://yt3.ggpht.com/-e4cF_xvnseM/AAAAAAAAAAI/AAAAAAAAAAA/fWLLF6Pole8/s88-c-k-no-mo-rj-c0xffffff/photo.jpg'}, 'medium': {'url': 'https://yt3.ggpht.com/-e4cF_xvnseM/AAAAAAAAAAI/AAAAAAAAAAA/fWLLF6Pole8/s240-c-k-no-mo-rj-c0xffffff/photo.jpg'}, 'high': {'url': 'https://yt3.ggpht.com/-e4cF_xvnseM/AAAAAAAAAAI/AAAAAAAAAAA/fWLLF6Pole8/s800-c-k-no-mo-rj-c0xffffff/photo.jpg'}}, 'channelTitle': 'Jelly Slogoman Kwebbelkop Collection', 'liveBroadcastContent': 'none'}"
8,youtube#searchResult,"""Fznwjl6JEQdo1MGvHOGaz_YanRU/yupPd6f8YJMEqR8lfoinFYyveUw""","{'kind': 'youtube#channel', 'channelId': 'UCfphEGjQmHq-Md_fRBpl8CA'}","{'publishedAt': '2019-09-27T03:40:23.000Z', 'channelId': 'UCfphEGjQmHq-Md_fRBpl8CA', 'title': 'JELLY official channel', 'description': '', 'thumbnails': {'default': {'url': 'https://yt3.ggpht.com/--cR1LcEXXNY/AAAAAAAAAAI/AAAAAAAAAAA/xmVQlYDNHKs/s88-c-k-no-mo-rj-c0xffffff/photo.jpg'}, 'medium': {'url': 'https://yt3.ggpht.com/--cR1LcEXXNY/AAAAAAAAAAI/AAAAAAAAAAA/xmVQlYDNHKs/s240-c-k-no-mo-rj-c0xffffff/photo.jpg'}, 'high': {'url': 'https://yt3.ggpht.com/--cR1LcEXXNY/AAAAAAAAAAI/AAAAAAAAAAA/xmVQlYDNHKs/s800-c-k-no-mo-rj-c0xffffff/photo.jpg'}}, 'channelTitle': 'JELLY official channel', 'liveBroadcastContent': 'none'}"
9,youtube#searchResult,"""Fznwjl6JEQdo1MGvHOGaz_YanRU/zo0Zdr65pSXqHTQIwAZmnucfT9g""","{'kind': 'youtube#channel', 'channelId': 'UC6k8oNjg6bwwmGahSBv8zsw'}","{'publishedAt': '2019-03-11T01:44:35.000Z', 'channelId': 'UC6k8oNjg6bwwmGahSBv8zsw', 'title': 'JELLY', 'description': 'If you are looking for LOTS and LOTS of MEMESSSS, YOU ARE AT THE RIGHT PLACE!', 'thumbnails': {'default': {'url': 'https://yt3.ggpht.com/-XnO83Qj2Bis/AAAAAAAAAAI/AAAAAAAAAAA/ZLwwozgFcr0/s88-c-k-no-mo-rj-c0xffffff/photo.jpg'}, 'medium': {'url': 'https://yt3.ggpht.com/-XnO83Qj2Bis/AAAAAAAAAAI/AAAAAAAAAAA/ZLwwozgFcr0/s240-c-k-no-mo-rj-c0xffffff/photo.jpg'}, 'high': {'url': 'https://yt3.ggpht.com/-XnO83Qj2Bis/AAAAAAAAAAI/AAAAAAAAAAA/ZLwwozgFcr0/s800-c-k-no-mo-rj-c0xffffff/photo.jpg'}}, 'channelTitle': 'JELLY', 'liveBroadcastContent': 'none'}"
10,youtube#searchResult,"""Fznwjl6JEQdo1MGvHOGaz_YanRU/fWKsgxiE2plSA84VCgQurEJLgMI""","{'kind': 'youtube#channel', 'channelId': 'UCDLJoAJYT-pykuKK1Fj_XdA'}","{'publishedAt': '2019-08-03T18:26:46.000Z', 'channelId': 'UCDLJoAJYT-pykuKK1Fj_XdA', 'title': 'Jelly Pair', 'description': '–í—Å–µ–º –ø—Ä–∏–≤–µ—Ç –æ—Ç Jelly Pair!! –í –Ω–∞—à–∏—Ö –≤–∏–¥–µ–æ –º—ã –æ—á–µ–Ω—å –ª—é–±–∏–º –ø–æ–≥–æ–≤–æ—Ä–∏—Ç—å –∏ –æ–±—Å—É–¥–∏—Ç—å —Å–∞–º—ã–µ —Ä–∞–∑–ª–∏—á–Ω—ã–µ —Ç–µ–º—ã! –ú—ã –∑–∞–ø–∏—Å—ã–≤–∞...', 'thumbnails': {'default': {'url': 'https://yt3.ggpht.com/-zHDgyLoeFt8/AAAAAAAAAAI/AAAAAAAAAAA/OAKVkhEZIBg/s88-c-k-no-mo-rj-c0xffffff/photo.jpg'}, 'medium': {'url': 'https://yt3.ggpht.com/-zHDgyLoeFt8/AAAAAAAAAAI/AAAAAAAAAAA/OAKVkhEZIBg/s240-c-k-no-mo-rj-c0xffffff/photo.jpg'}, 'high': {'url': 'https://yt3.ggpht.com/-zHDgyLoeFt8/AAAAAAAAAAI/AAAAAAAAAAA/OAKVkhEZIBg/s800-c-k-no-mo-rj-c0xffffff/photo.jpg'}}, 'channelTitle': 'Jelly Pair', 'liveBroadcastContent': 'none'}"
11,youtube#searchResult,"""Fznwjl6JEQdo1MGvHOGaz_YanRU/_H9Vgf83P7DkZzANwP5NONUaKIA""","{'kind': 'youtube#channel', 'channelId': 'UCcyTr4MLu-4RnZhgTYD7xfg'}","{'publishedAt': '2012-04-03T12:27:22.000Z', 'channelId': 'UCcyTr4MLu-4RnZhgTYD7xfg', 'title': 'Jelly', 'description': 'nope.', 'thumbnails': {'default': {'url': 'https://yt3.ggpht.com/-XDFpVUCHNI8/AAAAAAAAAAI/AAAAAAAAAAA/yDNub6-qt7U/s88-c-k-no-mo-rj-c0xffffff/photo.jpg'}, 'medium': {'url': 'https://yt3.ggpht.com/-XDFpVUCHNI8/AAAAAAAAAAI/AAAAAAAAAAA/yDNub6-qt7U/s240-c-k-no-mo-rj-c0xffffff/photo.jpg'}, 'high': {'url': 'https://yt3.ggpht.com/-XDFpVUCHNI8/AAAAAAAAAAI/AAAAAAAAAAA/yDNub6-qt7U/s800-c-k-no-mo-rj-c0xffffff/photo.jpg'}}, 'channelTitle': 'Jelly', 'liveBroadcastContent': 'none'}"
12,youtube#searchResult,"""Fznwjl6JEQdo1MGvHOGaz_YanRU/1pmQIMRXCqrT5fxZf_EkIPIkkbU""","{'kind': 'youtube#channel', 'channelId': 'UCIDNez-LZSm3yDXR4rOqatQ'}","{'publishedAt': '2013-01-09T17:24:53.000Z', 'channelId': 'UCIDNez-LZSm3yDXR4rOqatQ', 'title': 'Jelly amazing', 'description': ""Hi guy's I am jelly_amazing."", 'thumbnails': {'default': {'url': 'https://yt3.ggpht.com/-Hj2Mm3MPFME/AAAAAAAAAAI/AAAAAAAAAAA/hBdDmbE9kNQ/s88-c-k-no-mo-rj-c0xffffff/photo.jpg'}, 'medium': {'url': 'https://yt3.ggpht.com/-Hj2Mm3MPFME/AAAAAAAAAAI/AAAAAAAAAAA/hBdDmbE9kNQ/s240-c-k-no-mo-rj-c0xffffff/photo.jpg'}, 'high': {'url': 'https://yt3.ggpht.com/-Hj2Mm3MPFME/AAAAAAAAAAI/AAAAAAAAAAA/hBdDmbE9kNQ/s800-c-k-no-mo-rj-c0xffffff/photo.jpg'}}, 'channelTitle': 'Jelly amazing', 'liveBroadcastContent': 'none'}"
13,youtube#searchResult,"""Fznwjl6JEQdo1MGvHOGaz_YanRU/s2IdCr_Jl-2Svk6uCz8HoOc6bpc""","{'kind': 'youtube#channel', 'channelId': 'UCbkbE-kP1IctAc1EmUxu8Aw'}","{'publishedAt': '2014-12-03T12:22:42.000Z', 'channelId': 'UCbkbE-kP1IctAc1EmUxu8Aw', 'title': 'Vega Jelly', 'description': 'hi, its VEGA JELLY Dangdut Singer from lovely and exotic country Indonesia....', 'thumbnails': {'default': {'url': 'https://yt3.ggpht.com/-WBMVO9KAM3o/AAAAAAAAAAI/AAAAAAAAAAA/994lA3crtD0/s88-c-k-no-mo-rj-c0xffffff/photo.jpg'}, 'medium': {'url': 'https://yt3.ggpht.com/-WBMVO9KAM3o/AAAAAAAAAAI/AAAAAAAAAAA/994lA3crtD0/s240-c-k-no-mo-rj-c0xffffff/photo.jpg'}, 'high': {'url': 'https://yt3.ggpht.com/-WBMVO9KAM3o/AAAAAAAAAAI/AAAAAAAAAAA/994lA3crtD0/s800-c-k-no-mo-rj-c0xffffff/photo.jpg'}}, 'channelTitle': 'Vega Jelly', 'liveBroadcastContent': 'none'}"
14,youtube#searchResult,"""Fznwjl6JEQdo1MGvHOGaz_YanRU/pPt_LxoCVdSlobzNRmAZuw5EyxY""","{'kind': 'youtube#channel', 'channelId': 'UCzXek_YyeImFGqprE4hiY8w'}","{'publishedAt': '2017-04-20T15:57:05.000Z', 'channelId': 'UCzXek_YyeImFGqprE4hiY8w', 'title': 'Fruit Jelly', 'description': 'DAY6 YoungK.', 'thumbnails': {'default': {'url': 'https://yt3.ggpht.com/-8ZhTisg4Ty4/AAAAAAAAAAI/AAAAAAAAAAA/Ud7gYaSCo-Y/s88-c-k-no-mo-rj-c0xffffff/photo.jpg'}, 'medium': {'url': 'https://yt3.ggpht.com/-8ZhTisg4Ty4/AAAAAAAAAAI/AAAAAAAAAAA/Ud7gYaSCo-Y/s240-c-k-no-mo-rj-c0xffffff/photo.jpg'}, 'high': {'url': 'https://yt3.ggpht.com/-8ZhTisg4Ty4/AAAAAAAAAAI/AAAAAAAAAAA/Ud7gYaSCo-Y/s800-c-k-no-mo-rj-c0xffffff/photo.jpg'}}, 'channelTitle': 'Fruit Jelly', 'liveBroadcastContent': 'none'}"
15,youtube#searchResult,"""Fznwjl6JEQdo1MGvHOGaz_YanRU/bCAqAKuiqqxNnuc7E0iVEx1k_L8""","{'kind': 'youtube#channel', 'channelId': 'UCkjTzaSEwE1cL6gPi8W4FzQ'}","{'publishedAt': '2016-12-04T01:34:18.000Z', 'channelId': 'UCkjTzaSEwE1cL6gPi8W4FzQ', 'title': 'Jelly Jeni', 'description': 'Hi Darlings!! ‚ô•Ô∏è Este canal me lo cree con dos simples prop√≥sitos: Para Divertirme y entretener‚ú® Espero que te guste mi contenido ya que lo hago con mucho ...', 'thumbnails': {'default': {'url': 'https://yt3.ggpht.com/-cd44i1nMbP4/AAAAAAAAAAI/AAAAAAAAAAA/mFjfHEs2I1g/s88-c-k-no-mo-rj-c0xffffff/photo.jpg'}, 'medium': {'url': 'https://yt3.ggpht.com/-cd44i1nMbP4/AAAAAAAAAAI/AAAAAAAAAAA/mFjfHEs2I1g/s240-c-k-no-mo-rj-c0xffffff/photo.jpg'}, 'high': {'url': 'https://yt3.ggpht.com/-cd44i1nMbP4/AAAAAAAAAAI/AAAAAAAAAAA/mFjfHEs2I1g/s800-c-k-no-mo-rj-c0xffffff/photo.jpg'}}, 'channelTitle': 'Jelly Jeni', 'liveBroadcastContent': 'none'}"
16,youtube#searchResult,"""Fznwjl6JEQdo1MGvHOGaz_YanRU/xuXier_6LiZ-AC9t0lkuFKFcL7s""","{'kind': 'youtube#channel', 'channelId': 'UC3epBmRp6TwQa0bTnZlWPow'}","{'publishedAt': '2016-03-30T17:54:58.000Z', 'channelId': 'UC3epBmRp6TwQa0bTnZlWPow', 'title': 'Butter and Jelly', 'description': 'Here to entertain the masses!', 'thumbnails': {'default': {'url': 'https://yt3.ggpht.com/-OSSw56-j9xY/AAAAAAAAAAI/AAAAAAAAAAA/g7Okt0FQMhI/s88-c-k-no-mo-rj-c0xffffff/photo.jpg'}, 'medium': {'url': 'https://yt3.ggpht.com/-OSSw56-j9xY/AAAAAAAAAAI/AAAAAAAAAAA/g7Okt0FQMhI/s240-c-k-no-mo-rj-c0xffffff/photo.jpg'}, 'high': {'url': 'https://yt3.ggpht.com/-OSSw56-j9xY/AAAAAAAAAAI/AAAAAAAAAAA/g7Okt0FQMhI/s800-c-k-no-mo-rj-c0xffffff/photo.jpg'}}, 'channelTitle': 'Butter and Jelly', 'liveBroadcastContent': 'none'}"
17,youtube#searchResult,"""Fznwjl6JEQdo1MGvHOGaz_YanRU/Jx5E-s6Ov-Tq6Ev-shgmiSSZNJ8""","{'kind': 'youtube#channel', 'channelId': 'UCPp2YPqLs31DUxyAjkJ26wQ'}","{'publishedAt': '2012-08-23T11:45:23.000Z', 'channelId': 'UCPp2YPqLs31DUxyAjkJ26wQ', 'title': 'Jelly Jamm Fran√ßais', 'description': 'Bienvenue sur la cha√Æne Youtube : Jelly Jamm. Ici vous trouverez toutes les vid√©os officielles de la s√©rie en fran√ßais. Amusez-vous avec Jelly Jamm! Bienvenue ...', 'thumbnails': {'default': {'url': 'https://yt3.ggpht.com/-XwOfXTxS4PE/AAAAAAAAAAI/AAAAAAAAAAA/l6m1ItOdZdM/s88-c-k-no-mo-rj-c0xffffff/photo.jpg'}, 'medium': {'url': 'https://yt3.ggpht.com/-XwOfXTxS4PE/AAAAAAAAAAI/AAAAAAAAAAA/l6m1ItOdZdM/s240-c-k-no-mo-rj-c0xffffff/photo.jpg'}, 'high': {'url': 'https://yt3.ggpht.com/-XwOfXTxS4PE/AAAAAAAAAAI/AAAAAAAAAAA/l6m1ItOdZdM/s800-c-k-no-mo-rj-c0xffffff/photo.jpg'}}, 'channelTitle': 'Jelly Jamm Fran√ßais', 'liveBroadcastContent': 'none'}"
18,youtube#searchResult,"""Fznwjl6JEQdo1MGvHOGaz_YanRU/y-A4Wup7HYR0RUsbilGvW8ijIMQ""","{'kind': 'youtube#channel', 'channelId': 'UCKkDDhFVzlN4g7fEHNFDWYQ'}","{'publishedAt': '2016-10-11T14:05:54.000Z', 'channelId': 'UCKkDDhFVzlN4g7fEHNFDWYQ', 'title': 'Jelly', 'description': ""Hi there, welcome to my channel! My name is Jelly and I'm an English speaking Youtuber! Make sure to subscribe for daily videos on various games!"", 'thumbnails': {'default': {'url': 'https://yt3.ggpht.com/-9eqmevagyKc/AAAAAAAAAAI/AAAAAAAAAAA/BNed9W8dm4k/s88-c-k-no-mo-rj-c0xffffff/photo.jpg'}, 'medium': {'url': 'https://yt3.ggpht.com/-9eqmevagyKc/AAAAAAAAAAI/AAAAAAAAAAA/BNed9W8dm4k/s240-c-k-no-mo-rj-c0xffffff/photo.jpg'}, 'high': {'url': 'https://yt3.ggpht.com/-9eqmevagyKc/AAAAAAAAAAI/AAAAAAAAAAA/BNed9W8dm4k/s800-c-k-no-mo-rj-c0xffffff/photo.jpg'}}, 'channelTitle': 'Jelly', 'liveBroadcastContent': 'upcoming'}"
19,youtube#searchResult,"""Fznwjl6JEQdo1MGvHOGaz_YanRU/VMDjhhpwI3J1NcxJ-TUVd-NCSOg""","{'kind': 'youtube#channel', 'channelId': 'UCD59rioHZTmy_Ehb9qKpsUw'}","{'publishedAt': '2015-02-17T07:19:51.000Z', 'channelId': 'UCD59rioHZTmy_Ehb9qKpsUw', 'title': 'Jelly Kenyal', 'description': 'Wellcome to my chanel Jangan lupa Share Coment Like and Subscribe Stand up and do something, tetap semangat dan optimis Bantu chanel ini untuk ...', 'thumbnails': {'default': {'url': 'https://yt3.ggpht.com/-iSnd2d82OME/AAAAAAAAAAI/AAAAAAAAAAA/lqOzoJjsbok/s88-c-k-no-mo-rj-c0xffffff/photo.jpg'}, 'medium': {'url': 'https://yt3.ggpht.com/-iSnd2d82OME/AAAAAAAAAAI/AAAAAAAAAAA/lqOzoJjsbok/s240-c-k-no-mo-rj-c0xffffff/photo.jpg'}, 'high': {'url': 'https://yt3.ggpht.com/-iSnd2d82OME/AAAAAAAAAAI/AAAAAAAAAAA/lqOzoJjsbok/s800-c-k-no-mo-rj-c0xffffff/photo.jpg'}}, 'channelTitle': 'Jelly Kenyal', 'liveBroadcastContent': 'upcoming'}"
20,youtube#searchResult,"""Fznwjl6JEQdo1MGvHOGaz_YanRU/3ebEm6N_8BAt2FvlAV-SxzeEgdQ""","{'kind': 'youtube#channel', 'channelId': 'UCMRbSdl0Cj3tCmovvJSG9SQ'}","{'publishedAt': '2014-05-26T06:42:36.000Z', 'channelId': 'UCMRbSdl0Cj3tCmovvJSG9SQ', 'title': 'Jelly', 'description': '', 'thumbnails': {'default': {'url': 'https://yt3.ggpht.com/-Fs-9WGHCgac/AAAAAAAAAAI/AAAAAAAAAAA/dhyyN3fy3ag/s88-c-k-no-mo-rj-c0xffffff/photo.jpg'}, 'medium': {'url': 'https://yt3.ggpht.com/-Fs-9WGHCgac/AAAAAAAAAAI/AAAAAAAAAAA/dhyyN3fy3ag/s240-c-k-no-mo-rj-c0xffffff/photo.jpg'}, 'high': {'url': 'https://yt3.ggpht.com/-Fs-9WGHCgac/AAAAAAAAAAI/AAAAAAAAAAA/dhyyN3fy3ag/s800-c-k-no-mo-rj-c0xffffff/photo.jpg'}}, 'channelTitle': 'Jelly', 'liveBroadcastContent': 'none'}"
21,youtube#searchResult,"""Fznwjl6JEQdo1MGvHOGaz_YanRU/2NCySo-g8SRj-bcF7ILXjdec8Qw""","{'kind': 'youtube#channel', 'channelId': 'UCINC1wN5J3JW5drFyexlotg'}","{'publishedAt': '2016-12-21T06:03:19.000Z', 'channelId': 'UCINC1wN5J3JW5drFyexlotg', 'title': 'Jelly Watu', 'description': 'Diese Kan√§le bieten ein Video √ºber lustige Ereignisse in dem Film Full House Sie haben soeben nehmen Teil davon, dass wir denken, es ist eine lustige Szene ...', 'thumbnails': {'default': {'url': 'https://yt3.ggpht.com/--GCpEuxGfY4/AAAAAAAAAAI/AAAAAAAAAAA/ubF1fG__Cks/s88-c-k-no-mo-rj-c0xffffff/photo.jpg'}, 'medium': {'url': 'https://yt3.ggpht.com/--GCpEuxGfY4/AAAAAAAAAAI/AAAAAAAAAAA/ubF1fG__Cks/s240-c-k-no-mo-rj-c0xffffff/photo.jpg'}, 'high': {'url': 'https://yt3.ggpht.com/--GCpEuxGfY4/AAAAAAAAAAI/AAAAAAAAAAA/ubF1fG__Cks/s800-c-k-no-mo-rj-c0xffffff/photo.jpg'}}, 'channelTitle': 'Jelly Watu', 'liveBroadcastContent': 'upcoming'}"
22,youtube#searchResult,"""Fznwjl6JEQdo1MGvHOGaz_YanRU/8dq0oRoN1JMcBCfFo9B4vQ9xKPc""","{'kind': 'youtube#channel', 'channelId': 'UCapfth5NzhBWG-UjEbO83UQ'}","{'publishedAt': '2016-01-18T10:39:01.000Z', 'channelId': 'UCapfth5NzhBWG-UjEbO83UQ', 'title': 'Jelly Jamm - Êó•Êú¨Ë™û', 'description': '„Ç∏„Çß„É™„Éº„Ç∏„É£„É†„Å®ÂèãÈÅî„Å´„Å™„Çç„ÅÜ! „Ç∏„Çß„É™„Éº„Ç∏„É£„É†„Ç¢„Éó„É™„ÅØTV„ÄÅ„Ç™„É≥„Éá„Éû„É≥„Éâ (SVoD) „ÅßÊó•Êú¨Ë™û„ÅØ„ÇÇ„Å°„Çç„Çì„ÄÅËã±Ë™û„ÇÑ„Çπ„Éö„Ç§„É≥Ë™û„Åß„ÇÇÊ•Ω„Åó„ÇÅ„Åæ„Åô„ÄÇÂé≥ÈÅ∏„Åï...', 'thumbnails': {'default': {'url': 'https://yt3.ggpht.com/-9IRIid-Kfrc/AAAAAAAAAAI/AAAAAAAAAAA/iCNRRk1WDbc/s88-c-k-no-mo-rj-c0xffffff/photo.jpg'}, 'medium': {'url': 'https://yt3.ggpht.com/-9IRIid-Kfrc/AAAAAAAAAAI/AAAAAAAAAAA/iCNRRk1WDbc/s240-c-k-no-mo-rj-c0xffffff/photo.jpg'}, 'high': {'url': 'https://yt3.ggpht.com/-9IRIid-Kfrc/AAAAAAAAAAI/AAAAAAAAAAA/iCNRRk1WDbc/s800-c-k-no-mo-rj-c0xffffff/photo.jpg'}}, 'channelTitle': 'Jelly Jamm - Êó•Êú¨Ë™û', 'liveBroadcastContent': 'none'}"
23,youtube#searchResult,"""Fznwjl6JEQdo1MGvHOGaz_YanRU/eg9CbzzqwWGuDaCq-RzdSZ_P45w""","{'kind': 'youtube#channel', 'channelId': 'UCXweWwZHelf0MlVVPwJ-Z_A'}","{'publishedAt': '2018-12-24T14:06:28.000Z', 'channelId': 'UCXweWwZHelf0MlVVPwJ-Z_A', 'title': 'Jelly Hernandez', 'description': 'Tap on word and it.', 'thumbnails': {'default': {'url': 'https://yt3.ggpht.com/-EraN2h5d-CE/AAAAAAAAAAI/AAAAAAAAAAA/PE3ra7N7024/s88-c-k-no-mo-rj-c0xffffff/photo.jpg'}, 'medium': {'url': 'https://yt3.ggpht.com/-EraN2h5d-CE/AAAAAAAAAAI/AAAAAAAAAAA/PE3ra7N7024/s240-c-k-no-mo-rj-c0xffffff/photo.jpg'}, 'high': {'url': 'https://yt3.ggpht.com/-EraN2h5d-CE/AAAAAAAAAAI/AAAAAAAAAAA/PE3ra7N7024/s800-c-k-no-mo-rj-c0xffffff/photo.jpg'}}, 'channelTitle': 'Jelly Hernandez', 'liveBroadcastContent': 'none'}"
24,youtube#searchResult,"""Fznwjl6JEQdo1MGvHOGaz_YanRU/S7tTV5-4ZOgD11LO6w6fJ9Kzh6c""","{'kind': 'youtube#channel', 'channelId': 'UC_5JOshaNeyvKY8XMaSb1Og'}","{'publishedAt': '2015-05-19T17:47:49.000Z', 'channelId': 'UC_5JOshaNeyvKY8XMaSb1Og', 'title': 'Annika & Jelly', 'description': 'Hallo, Ich hei√üe Annika. Ich bin 16 Jahre alt. Mein Hobby ist Reiten. Ich hab ein eigenes Pony. Mein Pony hei√üt Jelly. Sie ist im moment 4 Jahre alt. Sie hat am ...', 'thumbnails': {'default': {'url': 'https://yt3.ggpht.com/-4u1jSx585HQ/AAAAAAAAAAI/AAAAAAAAAAA/gqCcdCeORAk/s88-c-k-no-mo-rj-c0xffffff/photo.jpg'}, 'medium': {'url': 'https://yt3.ggpht.com/-4u1jSx585HQ/AAAAAAAAAAI/AAAAAAAAAAA/gqCcdCeORAk/s240-c-k-no-mo-rj-c0xffffff/photo.jpg'}, 'high': {'url': 'https://yt3.ggpht.com/-4u1jSx585HQ/AAAAAAAAAAI/AAAAAAAAAAA/gqCcdCeORAk/s800-c-k-no-mo-rj-c0xffffff/photo.jpg'}}, 'channelTitle': 'Annika & Jelly', 'liveBroadcastContent': 'upcoming'}"
25,youtube#searchResult,"""Fznwjl6JEQdo1MGvHOGaz_YanRU/ESCWcL0ZOJHFkII_rkQA_W3mUcI""","{'kind': 'youtube#channel', 'channelId': 'UCD-mcC1Zg-5wQouVF3y519Q'}","{'publishedAt': '2011-10-01T10:39:55.000Z', 'channelId': 'UCD-mcC1Zg-5wQouVF3y519Q', 'title': 'Jelly Embarazo', 'description': 'Est√°s realmente embarazada? Si est√°s desconcertado eso ahora! ¬°Una prueba de embarazo casera puede ser la respuesta m√°s r√°pida! Incluso si se cree que ...', 'thumbnails': {'default': {'url': 'https://yt3.ggpht.com/-YpnuHb01Z1w/AAAAAAAAAAI/AAAAAAAAAAA/CsqYZguUuls/s88-c-k-no-mo-rj-c0xffffff/photo.jpg'}, 'medium': {'url': 'https://yt3.ggpht.com/-YpnuHb01Z1w/AAAAAAAAAAI/AAAAAAAAAAA/CsqYZguUuls/s240-c-k-no-mo-rj-c0xffffff/photo.jpg'}, 'high': {'url': 'https://yt3.ggpht.com/-YpnuHb01Z1w/AAAAAAAAAAI/AAAAAAAAAAA/CsqYZguUuls/s800-c-k-no-mo-rj-c0xffffff/photo.jpg'}}, 'channelTitle': 'Jelly Embarazo', 'liveBroadcastContent': 'none'}"
26,youtube#searchResult,"""Fznwjl6JEQdo1MGvHOGaz_YanRU/WvpTM0qPHyEF1MrPXW39s22ewq0""","{'kind': 'youtube#channel', 'channelId': 'UCdKB_1xVsLcCmfqLIvP8zHA'}","{'publishedAt': '2019-01-10T07:26:32.000Z', 'channelId': 'UCdKB_1xVsLcCmfqLIvP8zHA', 'title': 'Sweet Jelly', 'description': '', 'thumbnails': {'default': {'url': 'https://yt3.ggpht.com/-D_nfrLJOOMk/AAAAAAAAAAI/AAAAAAAAAAA/k5hylv3r4Y0/s88-c-k-no-mo-rj-c0xffffff/photo.jpg'}, 'medium': {'url': 'https://yt3.ggpht.com/-D_nfrLJOOMk/AAAAAAAAAAI/AAAAAAAAAAA/k5hylv3r4Y0/s240-c-k-no-mo-rj-c0xffffff/photo.jpg'}, 'high': {'url': 'https://yt3.ggpht.com/-D_nfrLJOOMk/AAAAAAAAAAI/AAAAAAAAAAA/k5hylv3r4Y0/s800-c-k-no-mo-rj-c0xffffff/photo.jpg'}}, 'channelTitle': 'Sweet Jelly', 'liveBroadcastContent': 'none'}"
27,youtube#searchResult,"""Fznwjl6JEQdo1MGvHOGaz_YanRU/oggjDzmBEFP1lcDmsUZjEzNGHlI""","{'kind': 'youtube#channel', 'channelId': 'UCdxNvItoCLhw3k5-kzcWjnQ'}","{'publishedAt': '2016-02-28T02:33:02.000Z', 'channelId': 'UCdxNvItoCLhw3k5-kzcWjnQ', 'title': 'Cnutbutr Jelly', 'description': 'Hello, everyone! We are MsCharlie and Angelika. He love makeup, food, kpop, travel and basic randomness. This channel is for those who like a variety of ...', 'thumbnails': {'default': {'url': 'https://yt3.ggpht.com/-AdPg9h3bw44/AAAAAAAAAAI/AAAAAAAAAAA/zbuRNbdhcwU/s88-c-k-no-mo-rj-c0xffffff/photo.jpg'}, 'medium': {'url': 'https://yt3.ggpht.com/-AdPg9h3bw44/AAAAAAAAAAI/AAAAAAAAAAA/zbuRNbdhcwU/s240-c-k-no-mo-rj-c0xffffff/photo.jpg'}, 'high': {'url': 'https://yt3.ggpht.com/-AdPg9h3bw44/AAAAAAAAAAI/AAAAAAAAAAA/zbuRNbdhcwU/s800-c-k-no-mo-rj-c0xffffff/photo.jpg'}}, 'channelTitle': 'Cnutbutr Jelly', 'liveBroadcastContent': 'upcoming'}"
28,youtube#searchResult,"""Fznwjl6JEQdo1MGvHOGaz_YanRU/1gINyrlBcCo7eI4jZyac8vV3Y3s""","{'kind': 'youtube#channel', 'channelId': 'UC_4GojmB-BvIf9p1yssQHcw'}","{'publishedAt': '2016-12-24T22:57:08.000Z', 'channelId': 'UC_4GojmB-BvIf9p1yssQHcw', 'title': 'JELLY BLEND', 'description': '', 'thumbnails': {'default': {'url': 'https://yt3.ggpht.com/-Fvrp4Nk0eyo/AAAAAAAAAAI/AAAAAAAAAAA/aeeroga2lSk/s88-c-k-no-mo-rj-c0xffffff/photo.jpg'}, 'medium': {'url': 'https://yt3.ggpht.com/-Fvrp4Nk0eyo/AAAAAAAAAAI/AAAAAAAAAAA/aeeroga2lSk/s240-c-k-no-mo-rj-c0xffffff/photo.jpg'}, 'high': {'url': 'https://yt3.ggpht.com/-Fvrp4Nk0eyo/AAAAAAAAAAI/AAAAAAAAAAA/aeeroga2lSk/s800-c-k-no-mo-rj-c0xffffff/photo.jpg'}}, 'channelTitle': 'JELLY BLEND', 'liveBroadcastContent': 'upcoming'}"
29,youtube#searchResult,"""Fznwjl6JEQdo1MGvHOGaz_YanRU/OXkXGjFsKqUjKAroNHAhqiK-9hc""","{'kind': 'youtube#channel', 'channelId': 'UCqa9ZRW56q6Tg_4TzD3Zxvg'}","{'publishedAt': '2018-08-16T14:43:35.000Z', 'channelId': 'UCqa9ZRW56q6Tg_4TzD3Zxvg', 'title': 'JELLY LOVE', 'description': 'I JL E JELLY LOVE.', 'thumbnails': {'default': {'url': 'https://yt3.ggpht.com/-MR5yiW1dWaU/AAAAAAAAAAI/AAAAAAAAAAA/hjhzPB8_Fjw/s88-c-k-no-mo-rj-c0xffffff/photo.jpg'}, 'medium': {'url': 'https://yt3.ggpht.com/-MR5yiW1dWaU/AAAAAAAAAAI/AAAAAAAAAAA/hjhzPB8_Fjw/s240-c-k-no-mo-rj-c0xffffff/photo.jpg'}, 'high': {'url': 'https://yt3.ggpht.com/-MR5yiW1dWaU/AAAAAAAAAAI/AAAAAAAAAAA/hjhzPB8_Fjw/s800-c-k-no-mo-rj-c0xffffff/photo.jpg'}}, 'channelTitle': 'JELLY LOVE', 'liveBroadcastContent': 'upcoming'}"
30,youtube#searchResult,"""Fznwjl6JEQdo1MGvHOGaz_YanRU/dEiXai2SBnCa4opmJQ54nIk9LEQ""","{'kind': 'youtube#channel', 'channelId': 'UCL-k1rdx_OEVRfJXIpA8ZVQ'}","{'publishedAt': '2015-07-26T18:25:44.000Z', 'channelId': 'UCL-k1rdx_OEVRfJXIpA8ZVQ', 'title': 'Jelly Ferret', 'description': 'We have five ferrets: Oldest girl Mia (poley) has insulinoma and adrenal gland disease and so she has no hair. Bobbi is the other poley, we also have three ...', 'thumbnails': {'default': {'url': 'https://yt3.ggpht.com/-epjLnGNOFf0/AAAAAAAAAAI/AAAAAAAAAAA/xOTfwcYfTrg/s88-c-k-no-mo-rj-c0xffffff/photo.jpg'}, 'medium': {'url': 'https://yt3.ggpht.com/-epjLnGNOFf0/AAAAAAAAAAI/AAAAAAAAAAA/xOTfwcYfTrg/s240-c-k-no-mo-rj-c0xffffff/photo.jpg'}, 'high': {'url': 'https://yt3.ggpht.com/-epjLnGNOFf0/AAAAAAAAAAI/AAAAAAAAAAA/xOTfwcYfTrg/s800-c-k-no-mo-rj-c0xffffff/photo.jpg'}}, 'channelTitle': 'Jelly Ferret', 'liveBroadcastContent': 'none'}"
31,youtube#searchResult,"""Fznwjl6JEQdo1MGvHOGaz_YanRU/EM41JIAp3THnvBd0JpK8k4zDeHE""","{'kind': 'youtube#channel', 'channelId': 'UCfpzbRTi9TTHhtqLDcxDmUQ'}","{'publishedAt': '2020-01-31T00:57:29.000Z', 'channelId': 'UCfpzbRTi9TTHhtqLDcxDmUQ', 'title': 'Jelly Bug', 'description': '', 'thumbnails': {'default': {'url': 'https://yt3.ggpht.com/-rcNASUY-aGY/AAAAAAAAAAI/AAAAAAAAAAA/KL2GO8B74kg/s88-c-k-no-mo-rj-c0xffffff/photo.jpg'}, 'medium': {'url': 'https://yt3.ggpht.com/-rcNASUY-aGY/AAAAAAAAAAI/AAAAAAAAAAA/KL2GO8B74kg/s240-c-k-no-mo-rj-c0xffffff/photo.jpg'}, 'high': {'url': 'https://yt3.ggpht.com/-rcNASUY-aGY/AAAAAAAAAAI/AAAAAAAAAAA/KL2GO8B74kg/s800-c-k-no-mo-rj-c0xffffff/photo.jpg'}}, 'channelTitle': 'Jelly Bug', 'liveBroadcastContent': 'none'}"
32,youtube#searchResult,"""Fznwjl6JEQdo1MGvHOGaz_YanRU/H387I-PPli-UgMmcxNfOOubsLwg""","{'kind': 'youtube#channel', 'channelId': 'UCtCbEh2OjcWDrOnViX6bV3w'}","{'publishedAt': '2016-11-13T02:05:32.000Z', 'channelId': 'UCtCbEh2OjcWDrOnViX6bV3w', 'title': 'Jelly Jelly', 'description': '', 'thumbnails': {'default': {'url': 'https://yt3.ggpht.com/-BJJpLN3CVG4/AAAAAAAAAAI/AAAAAAAAAAA/JsFzwv4Uw1k/s88-c-k-no-mo-rj-c0xffffff/photo.jpg'}, 'medium': {'url': 'https://yt3.ggpht.com/-BJJpLN3CVG4/AAAAAAAAAAI/AAAAAAAAAAA/JsFzwv4Uw1k/s240-c-k-no-mo-rj-c0xffffff/photo.jpg'}, 'high': {'url': 'https://yt3.ggpht.com/-BJJpLN3CVG4/AAAAAAAAAAI/AAAAAAAAAAA/JsFzwv4Uw1k/s800-c-k-no-mo-rj-c0xffffff/photo.jpg'}}, 'channelTitle': 'Jelly Jelly', 'liveBroadcastContent': 'none'}"
33,youtube#searchResult,"""Fznwjl6JEQdo1MGvHOGaz_YanRU/7nWR-1B_lu8v-x1cbbg_ud0iDrU""","{'kind': 'youtube#channel', 'channelId': 'UCLQDUOBhd9cI2wXh4Neh7vw'}","{'publishedAt': '2017-11-30T22:26:32.000Z', 'channelId': 'UCLQDUOBhd9cI2wXh4Neh7vw', 'title': 'Melly Jelly', 'description': 'Hi humans, new merch give me money at school for it.', 'thumbnails': {'default': {'url': 'https://yt3.ggpht.com/-XihrPw1klis/AAAAAAAAAAI/AAAAAAAAAAA/lXZvZpfX9lk/s88-c-k-no-mo-rj-c0xffffff/photo.jpg'}, 'medium': {'url': 'https://yt3.ggpht.com/-XihrPw1klis/AAAAAAAAAAI/AAAAAAAAAAA/lXZvZpfX9lk/s240-c-k-no-mo-rj-c0xffffff/photo.jpg'}, 'high': {'url': 'https://yt3.ggpht.com/-XihrPw1klis/AAAAAAAAAAI/AAAAAAAAAAA/lXZvZpfX9lk/s800-c-k-no-mo-rj-c0xffffff/photo.jpg'}}, 'channelTitle': 'Melly Jelly', 'liveBroadcastContent': 'none'}"
34,youtube#searchResult,"""Fznwjl6JEQdo1MGvHOGaz_YanRU/jYhYxx8s70NUw0BsBgXfnluCI6I""","{'kind': 'youtube#channel', 'channelId': 'UC75QLCDmrn6v2rhqZmXXQGQ'}","{'publishedAt': '2012-05-05T13:16:54.000Z', 'channelId': 'UC75QLCDmrn6v2rhqZmXXQGQ', 'title': 'Jelly', 'description': 'Heyyy, suscribanse y acu√©rdense que subo v√≠deos todos los domingos.', 'thumbnails': {'default': {'url': 'https://yt3.ggpht.com/-douCVLg8IS0/AAAAAAAAAAI/AAAAAAAAAAA/Ihdul1QAo6Y/s88-c-k-no-mo-rj-c0xffffff/photo.jpg'}, 'medium': {'url': 'https://yt3.ggpht.com/-douCVLg8IS0/AAAAAAAAAAI/AAAAAAAAAAA/Ihdul1QAo6Y/s240-c-k-no-mo-rj-c0xffffff/photo.jpg'}, 'high': {'url': 'https://yt3.ggpht.com/-douCVLg8IS0/AAAAAAAAAAI/AAAAAAAAAAA/Ihdul1QAo6Y/s800-c-k-no-mo-rj-c0xffffff/photo.jpg'}}, 'channelTitle': 'Jelly', 'liveBroadcastContent': 'none'}"
35,youtube#searchResult,"""Fznwjl6JEQdo1MGvHOGaz_YanRU/32NG7P1VY3wWNOj4BPobVTCjiwk""","{'kind': 'youtube#channel', 'channelId': 'UCDONFv8h_d3DmepObXS5qdA'}","{'publishedAt': '2017-11-14T13:14:45.000Z', 'channelId': 'UCDONFv8h_d3DmepObXS5qdA', 'title': 'Jelly Wecing', 'description': '‡∏™‡∏≤‡∏¢‡∏ö‡∏±‡∏ô‡πÄ‡∏ó‡∏¥‡∏á‡∏°‡∏≤‡∏ó‡∏≤‡∏á‡∏ô‡∏µ‡πâü§£ü§£', 'thumbnails': {'default': {'url': 'https://yt3.ggpht.com/-UwZuKdHviac/AAAAAAAAAAI/AAAAAAAAAAA/GZD7Z8oKdLE/s88-c-k-no-mo-rj-c0xffffff/photo.jpg'}, 'medium': {'url': 'https://yt3.ggpht.com/-UwZuKdHviac/AAAAAAAAAAI/AAAAAAAAAAA/GZD7Z8oKdLE/s240-c-k-no-mo-rj-c0xffffff/photo.jpg'}, 'high': {'url': 'https://yt3.ggpht.com/-UwZuKdHviac/AAAAAAAAAAI/AAAAAAAAAAA/GZD7Z8oKdLE/s800-c-k-no-mo-rj-c0xffffff/photo.jpg'}}, 'channelTitle': 'Jelly Wecing', 'liveBroadcastContent': 'upcoming'}"
36,youtube#searchResult,"""Fznwjl6JEQdo1MGvHOGaz_YanRU/ejOApXJkQul8kdy1qOflqo4YyYM""","{'kind': 'youtube#channel', 'channelId': 'UC34jR8MNOBwR5MqummRhFZg'}","{'publishedAt': '2019-02-11T21:15:41.000Z', 'channelId': 'UC34jR8MNOBwR5MqummRhFZg', 'title': 'Spunj Jelly', 'description': '', 'thumbnails': {'default': {'url': 'https://yt3.ggpht.com/-bhKAd-rF288/AAAAAAAAAAI/AAAAAAAAAAA/cWm3HQNso2A/s88-c-k-no-mo-rj-c0xffffff/photo.jpg'}, 'medium': {'url': 'https://yt3.ggpht.com/-bhKAd-rF288/AAAAAAAAAAI/AAAAAAAAAAA/cWm3HQNso2A/s240-c-k-no-mo-rj-c0xffffff/photo.jpg'}, 'high': {'url': 'https://yt3.ggpht.com/-bhKAd-rF288/AAAAAAAAAAI/AAAAAAAAAAA/cWm3HQNso2A/s800-c-k-no-mo-rj-c0xffffff/photo.jpg'}}, 'channelTitle': 'Spunj Jelly', 'liveBroadcastContent': 'none'}"
37,youtube#searchResult,"""Fznwjl6JEQdo1MGvHOGaz_YanRU/XO1SXbrCC1Ku_J9njrcpAm2cV9Y""","{'kind': 'youtube#channel', 'channelId': 'UCrZ__mG3bqBm3WGV0O_-aWg'}","{'publishedAt': '2013-04-19T14:22:45.000Z', 'channelId': 'UCrZ__mG3bqBm3WGV0O_-aWg', 'title': 'jelly', 'description': '', 'thumbnails': {'default': {'url': 'https://yt3.ggpht.com/-eA_cDlH0_8k/AAAAAAAAAAI/AAAAAAAAAAA/fcv7zR-j4S0/s88-c-k-no-mo-rj-c0xffffff/photo.jpg'}, 'medium': {'url': 'https://yt3.ggpht.com/-eA_cDlH0_8k/AAAAAAAAAAI/AAAAAAAAAAA/fcv7zR-j4S0/s240-c-k-no-mo-rj-c0xffffff/photo.jpg'}, 'high': {'url': 'https://yt3.ggpht.com/-eA_cDlH0_8k/AAAAAAAAAAI/AAAAAAAAAAA/fcv7zR-j4S0/s800-c-k-no-mo-rj-c0xffffff/photo.jpg'}}, 'channelTitle': 'jelly', 'liveBroadcastContent': 'none'}"
38,youtube#searchResult,"""Fznwjl6JEQdo1MGvHOGaz_YanRU/0uTqskM5rWZkIrBge2XZZfRVtRk""","{'kind': 'youtube#channel', 'channelId': 'UCgvw45-OH-Yt7DcekquyN_g'}","{'publishedAt': '2017-07-15T07:05:42.000Z', 'channelId': 'UCgvw45-OH-Yt7DcekquyN_g', 'title': 'Yolo Jelly', 'description': '', 'thumbnails': {'default': {'url': 'https://yt3.ggpht.com/-BHpTZ5-4IW8/AAAAAAAAAAI/AAAAAAAAAAA/z86_7VwDWEk/s88-c-k-no-mo-rj-c0xffffff/photo.jpg'}, 'medium': {'url': 'https://yt3.ggpht.com/-BHpTZ5-4IW8/AAAAAAAAAAI/AAAAAAAAAAA/z86_7VwDWEk/s240-c-k-no-mo-rj-c0xffffff/photo.jpg'}, 'high': {'url': 'https://yt3.ggpht.com/-BHpTZ5-4IW8/AAAAAAAAAAI/AAAAAAAAAAA/z86_7VwDWEk/s800-c-k-no-mo-rj-c0xffffff/photo.jpg'}}, 'channelTitle': 'Yolo Jelly', 'liveBroadcastContent': 'upcoming'}"
39,youtube#searchResult,"""Fznwjl6JEQdo1MGvHOGaz_YanRU/twyTw6eC8GqOndV-Bat6Y9UpL4g""","{'kind': 'youtube#channel', 'channelId': 'UCcX8x0ZBwmIYeLCAfR49DEQ'}","{'publishedAt': '2015-02-07T00:04:39.000Z', 'channelId': 'UCcX8x0ZBwmIYeLCAfR49DEQ', 'title': 'Hellee Jelly', 'description': '', 'thumbnails': {'default': {'url': 'https://yt3.ggpht.com/-uVuemi2llLc/AAAAAAAAAAI/AAAAAAAAAAA/qgD2GnmaE6U/s88-c-k-no-mo-rj-c0xffffff/photo.jpg'}, 'medium': {'url': 'https://yt3.ggpht.com/-uVuemi2llLc/AAAAAAAAAAI/AAAAAAAAAAA/qgD2GnmaE6U/s240-c-k-no-mo-rj-c0xffffff/photo.jpg'}, 'high': {'url': 'https://yt3.ggpht.com/-uVuemi2llLc/AAAAAAAAAAI/AAAAAAAAAAA/qgD2GnmaE6U/s800-c-k-no-mo-rj-c0xffffff/photo.jpg'}}, 'channelTitle': 'Hellee Jelly', 'liveBroadcastContent': 'none'}"
40,youtube#searchResult,"""Fznwjl6JEQdo1MGvHOGaz_YanRU/7CzqXJ9KpSjBGyD8lrz_e2snFp4""","{'kind': 'youtube#channel', 'channelId': 'UC0MhSkWOunhO4p8nkzlACZA'}","{'publishedAt': '2016-12-24T00:27:51.000Z', 'channelId': 'UC0MhSkWOunhO4p8nkzlACZA', 'title': 'JAM Jelly', 'description': '', 'thumbnails': {'default': {'url': 'https://yt3.ggpht.com/-V9kZnxhGFs0/AAAAAAAAAAI/AAAAAAAAAAA/RM9bBQjTFyQ/s88-c-k-no-mo-rj-c0xffffff/photo.jpg'}, 'medium': {'url': 'https://yt3.ggpht.com/-V9kZnxhGFs0/AAAAAAAAAAI/AAAAAAAAAAA/RM9bBQjTFyQ/s240-c-k-no-mo-rj-c0xffffff/photo.jpg'}, 'high': {'url': 'https://yt3.ggpht.com/-V9kZnxhGFs0/AAAAAAAAAAI/AAAAAAAAAAA/RM9bBQjTFyQ/s800-c-k-no-mo-rj-c0xffffff/photo.jpg'}}, 'channelTitle': 'JAM Jelly', 'liveBroadcastContent': 'none'}"
41,youtube#searchResult,"""Fznwjl6JEQdo1MGvHOGaz_YanRU/AGUzDJ90Yd5_I9T9VeI_01wVWao""","{'kind': 'youtube#channel', 'channelId': 'UCTFV_RyB0bXximhx8vneABw'}","{'publishedAt': '2016-08-22T06:48:15.000Z', 'channelId': 'UCTFV_RyB0bXximhx8vneABw', 'title': 'lyly Jelly', 'description': '', 'thumbnails': {'default': {'url': 'https://yt3.ggpht.com/-H4WmVT_nMxs/AAAAAAAAAAI/AAAAAAAAAAA/AjsavXq2NuU/s88-c-k-no-mo-rj-c0xffffff/photo.jpg'}, 'medium': {'url': 'https://yt3.ggpht.com/-H4WmVT_nMxs/AAAAAAAAAAI/AAAAAAAAAAA/AjsavXq2NuU/s240-c-k-no-mo-rj-c0xffffff/photo.jpg'}, 'high': {'url': 'https://yt3.ggpht.com/-H4WmVT_nMxs/AAAAAAAAAAI/AAAAAAAAAAA/AjsavXq2NuU/s800-c-k-no-mo-rj-c0xffffff/photo.jpg'}}, 'channelTitle': 'lyly Jelly', 'liveBroadcastContent': 'none'}"
42,youtube#searchResult,"""Fznwjl6JEQdo1MGvHOGaz_YanRU/1O8G64575mAUGu_cWi-MuUCD2NI""","{'kind': 'youtube#channel', 'channelId': 'UC8fW7S71xjBVh6cp6vEZVww'}","{'publishedAt': '2017-08-07T20:06:19.000Z', 'channelId': 'UC8fW7S71xjBVh6cp6vEZVww', 'title': 'Jelly Aline', 'description': 'Que onda mis amores, Yo soy Jellyaline y te vas a divertir.', 'thumbnails': {'default': {'url': 'https://yt3.ggpht.com/-nvD3VHpf2mM/AAAAAAAAAAI/AAAAAAAAAAA/7ylYVBN1PeA/s88-c-k-no-mo-rj-c0xffffff/photo.jpg'}, 'medium': {'url': 'https://yt3.ggpht.com/-nvD3VHpf2mM/AAAAAAAAAAI/AAAAAAAAAAA/7ylYVBN1PeA/s240-c-k-no-mo-rj-c0xffffff/photo.jpg'}, 'high': {'url': 'https://yt3.ggpht.com/-nvD3VHpf2mM/AAAAAAAAAAI/AAAAAAAAAAA/7ylYVBN1PeA/s800-c-k-no-mo-rj-c0xffffff/photo.jpg'}}, 'channelTitle': 'Jelly Aline', 'liveBroadcastContent': 'none'}"
43,youtube#searchResult,"""Fznwjl6JEQdo1MGvHOGaz_YanRU/hgJIc97WUGCqqxaydBP95bkAs5s""","{'kind': 'youtube#channel', 'channelId': 'UCwZCy2nrqFiDLfKtG4rN2rQ'}","{'publishedAt': '2017-10-25T18:14:40.000Z', 'channelId': 'UCwZCy2nrqFiDLfKtG4rN2rQ', 'title': 'Jelly Star', 'description': ""Hello people.I'm Jelly star. I make animations and random crud. Hope you like my videos! Gender:female Age:14 Birthday:October,15 Program I use: flipaclip ..."", 'thumbnails': {'default': {'url': 'https://yt3.ggpht.com/-BSQZEa3cmU8/AAAAAAAAAAI/AAAAAAAAAAA/1cWcI9b4AG4/s88-c-k-no-mo-rj-c0xffffff/photo.jpg'}, 'medium': {'url': 'https://yt3.ggpht.com/-BSQZEa3cmU8/AAAAAAAAAAI/AAAAAAAAAAA/1cWcI9b4AG4/s240-c-k-no-mo-rj-c0xffffff/photo.jpg'}, 'high': {'url': 'https://yt3.ggpht.com/-BSQZEa3cmU8/AAAAAAAAAAI/AAAAAAAAAAA/1cWcI9b4AG4/s800-c-k-no-mo-rj-c0xffffff/photo.jpg'}}, 'channelTitle': 'Jelly Star', 'liveBroadcastContent': 'upcoming'}"
44,youtube#searchResult,"""Fznwjl6JEQdo1MGvHOGaz_YanRU/mItd1S2x3UMxo2sZjMP5DnBHU4I""","{'kind': 'youtube#channel', 'channelId': 'UCsZL8quPfINDDi4_vgknWVQ'}","{'publishedAt': '2016-02-17T23:24:47.000Z', 'channelId': 'UCsZL8quPfINDDi4_vgknWVQ', 'title': 'Piano Jelly', 'description': 'Subscribe for more piano tutorials, sheet music and covers! =) Here you will find piano tutorials, piano compositions, covers and arrangements with free sheet ...', 'thumbnails': {'default': {'url': 'https://yt3.ggpht.com/-URKmMspwHCE/AAAAAAAAAAI/AAAAAAAAAAA/-EDpZJqvyco/s88-c-k-no-mo-rj-c0xffffff/photo.jpg'}, 'medium': {'url': 'https://yt3.ggpht.com/-URKmMspwHCE/AAAAAAAAAAI/AAAAAAAAAAA/-EDpZJqvyco/s240-c-k-no-mo-rj-c0xffffff/photo.jpg'}, 'high': {'url': 'https://yt3.ggpht.com/-URKmMspwHCE/AAAAAAAAAAI/AAAAAAAAAAA/-EDpZJqvyco/s800-c-k-no-mo-rj-c0xffffff/photo.jpg'}}, 'channelTitle': 'Piano Jelly', 'liveBroadcastContent': 'upcoming'}"
45,youtube#searchResult,"""Fznwjl6JEQdo1MGvHOGaz_YanRU/aNyfZ_YLRsifCSP3C6hoDNyUuXw""","{'kind': 'youtube#channel', 'channelId': 'UCk8kYdhF1LMc3vQorFVzRew'}","{'publishedAt': '2014-11-05T16:06:02.000Z', 'channelId': 'UCk8kYdhF1LMc3vQorFVzRew', 'title': 'Jelly Journeys', 'description': ""Subscribe to our Jelly Journeys (Joe and Elly) as we travel around the world making videos of each destination and the activities we'll be getting up to!"", 'thumbnails': {'default': {'url': 'https://yt3.ggpht.com/-YL7OUfxCbfk/AAAAAAAAAAI/AAAAAAAAAAA/lPLzC66W1lA/s88-c-k-no-mo-rj-c0xffffff/photo.jpg'}, 'medium': {'url': 'https://yt3.ggpht.com/-YL7OUfxCbfk/AAAAAAAAAAI/AAAAAAAAAAA/lPLzC66W1lA/s240-c-k-no-mo-rj-c0xffffff/photo.jpg'}, 'high': {'url': 'https://yt3.ggpht.com/-YL7OUfxCbfk/AAAAAAAAAAI/AAAAAAAAAAA/lPLzC66W1lA/s800-c-k-no-mo-rj-c0xffffff/photo.jpg'}}, 'channelTitle': 'Jelly Journeys', 'liveBroadcastContent': 'none'}"
46,youtube#searchResult,"""Fznwjl6JEQdo1MGvHOGaz_YanRU/M4jiYFgiQE3DRi1Chuh8MXlgfkA""","{'kind': 'youtube#channel', 'channelId': 'UCKWuQxGpk-PLA3I_ct7j1jQ'}","{'publishedAt': '2017-04-21T23:49:13.000Z', 'channelId': 'UCKWuQxGpk-PLA3I_ct7j1jQ', 'title': 'Raptor_artist_ jelly', 'description': '', 'thumbnails': {'default': {'url': 'https://yt3.ggpht.com/-bvpMFF9p3jg/AAAAAAAAAAI/AAAAAAAAAAA/ZDZTaSmjZRI/s88-c-k-no-mo-rj-c0xffffff/photo.jpg'}, 'medium': {'url': 'https://yt3.ggpht.com/-bvpMFF9p3jg/AAAAAAAAAAI/AAAAAAAAAAA/ZDZTaSmjZRI/s240-c-k-no-mo-rj-c0xffffff/photo.jpg'}, 'high': {'url': 'https://yt3.ggpht.com/-bvpMFF9p3jg/AAAAAAAAAAI/AAAAAAAAAAA/ZDZTaSmjZRI/s800-c-k-no-mo-rj-c0xffffff/photo.jpg'}}, 'channelTitle': 'Raptor_artist_ jelly', 'liveBroadcastContent': 'upcoming'}"
47,youtube#searchResult,"""Fznwjl6JEQdo1MGvHOGaz_YanRU/q3CDaNNkN87z08kDtmJo9g2dz9E""","{'kind': 'youtube#channel', 'channelId': 'UCM5tSxnX60kYtmeBJ3ViX0A'}","{'publishedAt': '2017-03-15T14:45:47.000Z', 'channelId': 'UCM5tSxnX60kYtmeBJ3ViX0A', 'title': 'Jelly Jaw Jack', 'description': 'Old time jazz, blues and rags.', 'thumbnails': {'default': {'url': 'https://yt3.ggpht.com/-KGQnFVIFbEA/AAAAAAAAAAI/AAAAAAAAAAA/3bnIBQwUO_4/s88-c-k-no-mo-rj-c0xffffff/photo.jpg'}, 'medium': {'url': 'https://yt3.ggpht.com/-KGQnFVIFbEA/AAAAAAAAAAI/AAAAAAAAAAA/3bnIBQwUO_4/s240-c-k-no-mo-rj-c0xffffff/photo.jpg'}, 'high': {'url': 'https://yt3.ggpht.com/-KGQnFVIFbEA/AAAAAAAAAAI/AAAAAAAAAAA/3bnIBQwUO_4/s800-c-k-no-mo-rj-c0xffffff/photo.jpg'}}, 'channelTitle': 'Jelly Jaw Jack', 'liveBroadcastContent': 'none'}"
48,youtube#searchResult,"""Fznwjl6JEQdo1MGvHOGaz_YanRU/u51Cozshzum6ncp-bKe42DOr39w""","{'kind': 'youtube#channel', 'channelId': 'UCyY53UdIGByDF3dc2lYfMbA'}","{'publishedAt': '2017-08-01T18:17:37.000Z', 'channelId': 'UCyY53UdIGByDF3dc2lYfMbA', 'title': 'Jelly 1234', 'description': '', 'thumbnails': {'default': {'url': 'https://yt3.ggpht.com/-5QYcfLZas6k/AAAAAAAAAAI/AAAAAAAAAAA/fUeMzMohRpE/s88-c-k-no-mo-rj-c0xffffff/photo.jpg'}, 'medium': {'url': 'https://yt3.ggpht.com/-5QYcfLZas6k/AAAAAAAAAAI/AAAAAAAAAAA/fUeMzMohRpE/s240-c-k-no-mo-rj-c0xffffff/photo.jpg'}, 'high': {'url': 'https://yt3.ggpht.com/-5QYcfLZas6k/AAAAAAAAAAI/AAAAAAAAAAA/fUeMzMohRpE/s800-c-k-no-mo-rj-c0xffffff/photo.jpg'}}, 'channelTitle': 'Jelly 1234', 'liveBroadcastContent': 'none'}"
49,youtube#searchResult,"""Fznwjl6JEQdo1MGvHOGaz_YanRU/mVt7OpU8ghyqpieXyixWtXp0LMk""","{'kind': 'youtube#channel', 'channelId': 'UCRLuGMIuVmHqfuXQVQlfoEQ'}","{'publishedAt': '2016-08-12T01:23:20.000Z', 'channelId': 'UCRLuGMIuVmHqfuXQVQlfoEQ', 'title': 'The Jelly', 'description': ""Where's everyone?"", 'thumbnails': {'default': {'url': 'https://yt3.ggpht.com/-T8bKD_n7gbQ/AAAAAAAAAAI/AAAAAAAAAAA/hHdvw3fHMos/s88-c-k-no-mo-rj-c0xffffff/photo.jpg'}, 'medium': {'url': 'https://yt3.ggpht.com/-T8bKD_n7gbQ/AAAAAAAAAAI/AAAAAAAAAAA/hHdvw3fHMos/s240-c-k-no-mo-rj-c0xffffff/photo.jpg'}, 'high': {'url': 'https://yt3.ggpht.com/-T8bKD_n7gbQ/AAAAAAAAAAI/AAAAAAAAAAA/hHdvw3fHMos/s800-c-k-no-mo-rj-c0xffffff/photo.jpg'}}, 'channelTitle': 'The Jelly', 'liveBroadcastContent': 'none'}"
